"artist_id","artist_name","song_name","geo_country","num_plays","total_play_30s","num_favorites","num_reposts","num_comments","num_downloads","num_playlist_adds","num_searches","geo_reach"
"64416568","Lelo","Limbless","US","15719","21792","233","4","0","437","459","0","67"
"127921840","Baby Osamaa","See It Different","US","11584","85","94","4","0","206","249","0","176"
"127921840","Baby Osamaa","See It Different","US","11584","10195","94","4","0","206","249","0","176"
"64416568","Lelo","On The Wall","US","10942","13974","285","3","0","588","337","0","67"
"64416568","Lelo","Pot Of Greed","US","8363","15574","192","0","0","514","434","0","67"
"64416568","Lelo","No contempt","US","7930","26578","130","1","0","280","343","0","67"
"75512784","Brazy","Attends","GH","7317","1416","50","4","0","2737","64","0","57"
"75512784","Brazy","Attends","GH","7317","27904","50","4","0","2737","64","0","57"
"64416568","Lelo","Perfect Blue","US","7303","8183","146","2","0","303","220","0","67"
"64416568","Lelo","Pot Of Greed","NG","7027","15574","115","0","0","392","168","0","67"
"127921840","Baby Osamaa","Double D's","US","6962","4952","57","0","0","97","109","0","176"
"127921840","Baby Osamaa","Double D's","US","6962","28","57","0","0","97","109","0","176"
"127921840","Baby Osamaa","What's The Word","US","6025","4822","69","0","0","115","120","0","176"
"127921840","Baby Osamaa","What's The Word","US","6025","59","69","0","0","115","120","0","176"
"64416568","Lelo","On The Wall","NG","5713","13974","68","0","0","693","119","0","67"
"71552954","ffawty","HOLLABACK GIRL","US","5138","4671","136","2","0","374","206","0","175"
"71552954","ffawty","CHOP","US","4730","4464","90","1","0","376","143","0","175"
"79107839","Niontay","MR.HAVEMYWAY","US","4421","304","27","1","0","79","91","0","176"
"79107839","Niontay","MR.HAVEMYWAY","US","4421","4238","27","1","0","79","91","0","176"
"108236416","Fimiguerrero","my bad bro","GB","3722","5033","31","0","0","189","66","0","60"
"79107839","Niontay","Mumbleman","US","3718","5812","65","0","0","270","181","0","176"
"64416568","Lelo","2hollis","US","3518","3393","79","3","0","177","148","0","67"
"127921840","Baby Osamaa","I DONT MEAN IT","US","3321","398","51","0","0","125","123","0","176"
"127921840","Baby Osamaa","I DONT MEAN IT","US","3321","31399","51","0","0","125","123","0","176"
"108236416","Fimiguerrero","Designer","NG","3306","9321","29","0","0","299","45","0","60"
"64416568","Lelo","Main Event","US","3241","4647","59","1","0","126","121","0","67"
"109041603","Sk8star","SEX","US","3134","3750","55","2","0","179","156","0","153"
"108236416","Fimiguerrero","MVP","GB","3112","6321","28","0","0","139","43","0","60"
"64416568","Lelo","New Detroit","US","3065","4274","56","1","0","122","88","0","67"
"64416568","Lelo","Chasing","US","3056","8915","48","0","0","105","95","0","67"
"127921840","Baby Osamaa","See It Different","NG","3023","10195","10","0","0","86","92","0","176"
"127921840","Baby Osamaa","See It Different","NG","3023","85","10","0","0","86","92","0","176"
"64416568","Lelo","Pot Of Greed","GH","2735","15574","63","0","0","175","77","0","67"
"64416568","Lelo","Kudos","US","2568","2542","35","0","0","64","91","0","67"
"71552954","ffawty","Dopamine","US","2561","3330","52","1","0","203","98","0","175"
"64416568","Lelo","Perfect Blue","NG","2458","8183","14","0","0","277","126","0","67"
"108236416","Fimiguerrero","my bad bro","US","2456","5033","40","0","0","89","114","0","60"
"64416568","Lelo","On The Wall","GH","2380","13974","46","0","0","315","59","0","67"
"71552954","ffawty","Switch Out The Lens","US","2356","2318","57","0","0","131","35","0","175"
"108236416","Fimiguerrero","Mandy","US","2270","9407","22","0","0","50","72","0","60"
"108236416","Fimiguerrero","Designer","US","2184","9321","37","0","0","254","240","0","60"
"64416568","Lelo","Yoppenheimer","US","2173","4235","45","0","0","63","62","0","67"
"108236416","Fimiguerrero","Tartan","GB","2063","2465","19","1","0","74","47","0","60"
"71552954","ffawty","Camera Light","US","2058","4184","23","0","0","73","21","0","175"
"64416568","Lelo","Hughes","US","1965","748","32","0","0","59","88","0","67"
"64416568","Lelo","Hughes","US","1965","4708","32","0","0","59","88","0","67"
"108236416","Fimiguerrero","Vogue","US","1904","10286","22","0","0","50","104","0","60"
"108236416","Fimiguerrero","Vogue","GB","1903","10286","15","1","0","72","20","0","60"
"108236416","Fimiguerrero","Designer","GB","1861","9321","21","0","0","84","28","0","60"
"108236416","Fimiguerrero","It's Cool","GB","1801","4697","15","0","0","69","36","0","60"
"79107839","Niontay","Mumbleman","NG","1795","5812","32","0","0","120","136","0","176"
"108236416","Fimiguerrero","Excuse My French","GB","1527","4090","18","1","0","59","69","0","60"
"108236416","Fimiguerrero","Excuse My French","GB","1527","3379","18","1","0","59","69","0","60"
"109041603","Sk8star","On God","US","1392","1302","28","0","0","145","61","0","153"
"71552954","ffawty","Winner's Circle","US","1362","1583","20","0","0","73","18","0","175"
"127921840","Baby Osamaa","What's The Word","NG","1353","59","6","0","0","59","22","0","176"
"127921840","Baby Osamaa","What's The Word","NG","1353","4822","6","0","0","59","22","0","176"
"64416568","Lelo","Camelot","US","1336","1606","22","0","0","29","22","0","67"
"71552954","ffawty","Cruising in My Lane","US","1321","1746","21","0","0","103","14","0","175"
"127921840","Baby Osamaa","In & Out","US","1301","3891","19","0","0","151","54","0","176"
"127921840","Baby Osamaa","In & Out","US","1301","5618","19","0","0","151","54","0","176"
"108236416","Fimiguerrero","Gucci","US","1295","4731","17","0","0","29","38","0","60"
"108236416","Fimiguerrero","Excuse My French","US","1287","3379","24","0","0","61","39","0","60"
"108236416","Fimiguerrero","Excuse My French","US","1287","4090","24","0","0","61","39","0","60"
"79107839","Niontay","Top da top","US","1250","1033","13","1","0","20","30","0","176"
"127921840","Baby Osamaa","Double D's","NG","1180","28","9","0","0","54","65","0","176"
"127921840","Baby Osamaa","Double D's","NG","1180","4952","9","0","0","54","65","0","176"
"108236416","Fimiguerrero","It's Cool","US","1166","4697","22","0","0","150","117","0","60"
"108236416","Fimiguerrero","Mandy","GB","1166","9407","9","0","0","52","18","0","60"
"127921840","Baby Osamaa","See It Different","GH","1098","85","10","0","0","34","54","0","176"
"127921840","Baby Osamaa","See It Different","GH","1098","10195","10","0","0","34","54","0","176"
"127921840","Baby Osamaa","MURDA X3","US","1071","20","18","0","0","30","21","0","176"
"127921840","Baby Osamaa","MURDA X3","US","1071","936","18","0","0","30","21","0","176"
"127921840","Baby Osamaa","This For You Baby","US","1067","11","21","0","0","11","20","0","176"
"127921840","Baby Osamaa","This For You Baby","US","1067","738","21","0","0","11","20","0","176"
"108236416","Fimiguerrero","Osbatt","US","1062","195","20","0","0","57","40","0","60"
"108236416","Fimiguerrero","Osbatt","US","1062","5609","20","0","0","57","40","0","60"
"64416568","Lelo","Dresser","US","1046","1162","20","0","0","25","44","0","67"
"71552954","ffawty","JUMP","US","999","18","20","0","0","43","10","0","175"
"71552954","ffawty","JUMP","US","999","988","20","0","0","43","10","0","175"
"64416568","Lelo","Master Roshi","US","998","1163","21","0","0","20","39","0","67"
"64416568","Lelo","Bathing Ape","NG","993","1606","7","0","0","138","32","0","67"
"108236416","Fimiguerrero","MVP","US","989","6321","12","1","0","28","58","0","60"
"108236416","Fimiguerrero","Ménage À Trois","US","988","4840","11","0","0","34","28","0","60"
"79107839","Niontay","MR.HAVEMYWAY","NG","981","304","6","0","0","55","46","0","176"
"79107839","Niontay","MR.HAVEMYWAY","NG","981","4238","6","0","0","55","46","0","176"
"109041603","Sk8star","SEX","NG","966","3750","6","0","0","78","53","0","153"
"64416568","Lelo","Bathing Ape","US","923","1606","29","0","0","35","49","0","67"
"109041603","Sk8star","light ice","US","890","6968","6","0","0","30","26","0","153"
"127921840","Baby Osamaa","I wanna flyyyy ✈️","US","886","1091","6","0","0","6","2","0","176"
"71552954","ffawty","HOLLABACK GIRL","NG","884","4671","11","0","0","85","70","0","175"
"64416568","Lelo","Perfect Blue","GH","869","8183","23","0","0","114","34","0","67"
"108236416","Fimiguerrero","Tartan","DE","852","2465","4","0","0","28","9","0","60"
"64416568","Lelo","Evangelion","US","836","1345","19","0","0","35","28","0","67"
"127921840","Baby Osamaa","Body","US","836","462","7","0","0","16","13","0","176"
"127921840","Baby Osamaa","Body","US","836","4167","7","0","0","16","13","0","176"
"108236416","Fimiguerrero","Osbatt","GB","827","195","14","0","0","50","19","0","60"
"108236416","Fimiguerrero","Osbatt","GB","827","5609","14","0","0","50","19","0","60"
"64416568","Lelo","Drapes","US","799","2510","19","0","0","32","43","0","67"
"127921840","Baby Osamaa","Better","US","799","27","11","0","0","13","16","0","176"
"127921840","Baby Osamaa","Better","US","799","570","11","0","0","13","16","0","176"
"71552954","ffawty","2AM","US","754","623","10","1","0","33","5","0","175"
"75512784","Brazy","Attends","NG","733","1416","0","0","0","123","6","0","57"
"75512784","Brazy","Attends","NG","733","27904","0","0","0","123","6","0","57"
"64416568","Lelo","Limbless","CA","730","21792","5","0","0","55","11","0","67"
"127921840","Baby Osamaa","If I See U Wit Her","US","721","6724","9","0","0","25","17","0","176"
"127921840","Baby Osamaa","If I See U Wit Her","US","721","327","9","0","0","25","17","0","176"
"64416568","Lelo","2hollis","NG","714","3393","5","0","0","79","224","0","67"
"127921840","Baby Osamaa","Free Max B","US","706","204","8","0","0","37","25","0","176"
"127921840","Baby Osamaa","Free Max B","US","706","9357","8","0","0","37","25","0","176"
"108236416","Fimiguerrero","Ménage À Trois","GB","704","4840","8","0","0","28","10","0","60"
"127921840","Baby Osamaa","Did Me Wrong","US","678","22054","3","0","0","31","27","0","176"
"127921840","Baby Osamaa","Did Me Wrong","US","678","284","3","0","0","31","27","0","176"
"64416568","Lelo","Limbless","GB","671","21792","8","0","0","40","13","0","67"
"71552954","ffawty","CHOP","NG","647","4464","8","0","0","66","44","0","175"
"108236416","Fimiguerrero","my bad bro","NG","635","5033","13","0","0","34","54","0","60"
"64416568","Lelo","Flakers","US","633","843","9","0","0","14","26","0","67"
"108236416","Fimiguerrero","Designer","GH","633","9321","10","0","0","55","10","0","60"
"64416568","Lelo","Flakers","US","633","775","9","0","0","14","26","0","67"
"108236416","Fimiguerrero","Gucci","GB","620","4731","7","0","0","31","8","0","60"
"64416568","Lelo","Upset","US","617","2188","9","0","0","27","17","0","67"
"64416568","Lelo","Encore","US","616","2659","14","0","0","31","27","0","67"
"156712242","ELYSÍA","CAN U TELL","US","608","357","7","1","0","10","17","0","15"
"64416568","Lelo","No contempt","CA","590","26578","6","1","0","23","4","0","67"
"127921840","Baby Osamaa","Line Em Up","US","577","250","5","0","0","29","13","0","176"
"127921840","Baby Osamaa","Line Em Up","US","577","15283","5","0","0","29","13","0","176"
"64416568","Lelo","Broken","US","576","631","8","0","0","18","33","0","67"
"71552954","ffawty","WRITTEN","US","568","622","9","0","0","37","3","0","175"
"108236416","Fimiguerrero","I Want Everything","US","558","3939","6","0","0","10","16","0","60"
"108236416","Fimiguerrero","Mandy","NG","554","9407","7","0","0","46","1","0","60"
"127921840","Baby Osamaa","Just Stay With Me","US","550","261","7","0","0","12","12","0","176"
"127921840","Baby Osamaa","Just Stay With Me","US","550","4267","7","0","0","12","12","0","176"
"127921840","Baby Osamaa","If I See U Wit Her Pt. 2","US","548","227","5","0","0","10","17","0","176"
"127921840","Baby Osamaa","If I See U Wit Her Pt. 2","US","548","7066","5","0","0","10","17","0","176"
"71552954","ffawty","Reposado","US","531","2375","8","0","0","53","12","0","175"
"71552954","ffawty","Switch Out The Lens","NG","523","2318","8","0","0","51","30","0","175"
"71552954","ffawty","Hallelujah","US","517","577","9","0","0","23","11","0","175"
"79107839","Niontay","Mumbleman","GH","516","5812","21","0","0","51","52","0","176"
"64416568","Lelo","Mozart","US","514","657","13","0","0","24","14","0","67"
"64416568","Lelo","Like That","US","512","1326","10","0","0","17","29","0","67"
"64416568","Lelo","A&G","US","501","596","11","0","0","10","17","0","67"
"64416568","Lelo","GOAway","US","499","1082","4","0","0","9","14","0","67"
"108236416","Fimiguerrero","Mandy","CA","497","9407","7","0","0","15","5","0","60"
"64416568","Lelo","Hercules","US","495","589","5","0","0","17","12","0","67"
"127921840","Baby Osamaa","I DONT MEAN IT","NG","490","31399","6","0","0","46","21","0","176"
"127921840","Baby Osamaa","I DONT MEAN IT","NG","490","398","6","0","0","46","21","0","176"
"108236416","Fimiguerrero","I Want Everything","GB","483","3939","6","0","0","21","7","0","60"
"64416568","Lelo","Manga","US","468","530","5","0","0","12","10","0","67"
"64416568","Lelo","Daybreakers","US","464","809","12","0","0","16","30","0","67"
"64416568","Lelo","Pot Of Greed","ZA","457","15574","13","0","0","67","12","0","67"
"127921840","Baby Osamaa","Pacer Test","US","453","6853","4","0","0","16","10","0","176"
"127921840","Baby Osamaa","Pacer Test","US","453","224","4","0","0","16","10","0","176"
"71552954","ffawty","Pepsi","US","440","434","3","0","0","21","3","0","175"
"127921840","Baby Osamaa","So Real (Bonus)","US","435","2821","6","0","0","7","15","0","176"
"127921840","Baby Osamaa","So Real (Bonus)","US","435","158","6","0","0","7","15","0","176"
"64416568","Lelo","Pot Of Greed","TZ","432","15574","10","0","0","43","6","0","67"
"108236416","Fimiguerrero","Spanish Guitar","US","430","3069","4","0","0","6","40","0","60"
"64416568","Lelo","Bathing Ape","GH","428","1606","1","1","0","49","13","0","67"
"108236416","Fimiguerrero","Wet Mouth","US","415","1660","7","0","0","2","9","0","60"
"108236416","Fimiguerrero","my bad bro","CA","413","5033","3","0","0","11","3","0","60"
"108236416","Fimiguerrero","Spanish Guitar","GB","405","3069","12","0","0","18","5","0","60"
"108236416","Fimiguerrero","Tartan","NG","403","2465","5","1","0","39","30","0","60"
"64416568","Lelo","On The Wall","CA","395","13974","7","0","0","32","14","0","67"
"64416568","Lelo","Pot Of Greed","KE","392","15574","6","0","0","75","7","0","67"
"71552954","ffawty","she belong to ffawty","US","392","1392","11","0","0","29","7","0","175"
"64416568","Lelo","Can't","US","391","467","2","0","0","14","9","0","67"
"108236416","Fimiguerrero","Blackbirds","GB","389","2312","6","0","0","11","5","0","60"
"64416568","Lelo","Teanna Trump","US","387","1183","6","0","0","24","13","0","67"
"64416568","Lelo","Pot Of Greed","CA","387","15574","11","0","0","34","5","0","67"
"108236416","Fimiguerrero","Ankle Lock","US","379","2926","4","0","0","4","11","0","60"
"71552954","ffawty","Miracle","US","377","464","11","0","0","35","6","0","175"
"108236416","Fimiguerrero","Vogue","CA","377","10286","8","0","0","14","5","0","60"
"71552954","ffawty","Oreo","US","374","486","10","0","0","27","4","0","175"
"108236416","Fimiguerrero","Vogue","NG","360","10286","4","0","0","24","1","0","60"
"108236416","Fimiguerrero","It's Cool","NG","355","4697","7","0","0","41","25","0","60"
"79107839","Niontay","Vice grip","US","352","275","3","0","0","3","15","0","176"
"109041603","Sk8star","SEX","GH","351","3750","4","0","0","56","34","0","153"
"64416568","Lelo","Pot Of Greed","GB","347","15574","4","0","0","19","11","0","67"
"64416568","Lelo","Everyday","US","343","743","3","0","0","7","17","0","67"
"71552954","ffawty","Cant Treat You Right","US","336","1344","7","0","0","25","9","0","175"
"64416568","Lelo","On The Wall","ZA","335","13974","7","1","0","70","6","0","67"
"108236416","Fimiguerrero","All My Cards","US","332","1493","7","0","0","5","25","0","60"
"64416568","Lelo","Game","US","332","366","6","0","0","8","6","0","67"
"71552954","ffawty","Match It","US","331","337","6","0","0","29","3","0","175"
"127921840","Baby Osamaa","Double D's","CA","329","28","6","0","0","8","10","0","176"
"127921840","Baby Osamaa","Double D's","CA","329","4952","6","0","0","8","10","0","176"
"108236416","Fimiguerrero","Excuse My French","NG","328","3379","4","0","0","31","12","0","60"
"108236416","Fimiguerrero","Excuse My French","NG","328","4090","4","0","0","31","12","0","60"
"127921840","Baby Osamaa","What's The Word","GB","328","4822","0","0","0","4","2","0","176"
"127921840","Baby Osamaa","What's The Word","GB","328","59","0","0","0","4","2","0","176"
"109041603","Sk8star","Red Dot","MX","327","10929","1","0","0","0","2","0","153"
"108236416","Fimiguerrero","Da Vinci","GB","327","943","3","0","0","7","1","0","60"
"71552954","ffawty","HOLLABACK GIRL","GH","322","4671","3","0","0","39","31","0","175"
"79107839","Niontay","MR.HAVEMYWAY","GH","321","4238","5","0","0","27","54","0","176"
"79107839","Niontay","MR.HAVEMYWAY","GH","321","304","5","0","0","27","54","0","176"
"108236416","Fimiguerrero","Wet Mouth","GB","319","1660","5","0","0","7","1","0","60"
"127921840","Baby Osamaa","See It Different","CA","318","10195","3","0","0","16","7","0","176"
"127921840","Baby Osamaa","See It Different","CA","318","85","3","0","0","16","7","0","176"
"64416568","Lelo","Real Dogshit","US","315","433","5","0","0","15","17","0","67"
"64416568","Lelo","Close Friends","US","313","645","6","0","0","5","6","0","67"
"108236416","Fimiguerrero","Blackbirds","US","312","2312","7","0","0","10","10","0","60"
"108236416","Fimiguerrero","Osbatt","NG","310","195","6","0","0","33","5","0","60"
"108236416","Fimiguerrero","Osbatt","NG","310","5609","6","0","0","33","5","0","60"
"108236416","Fimiguerrero","It's Cool","GH","309","4697","5","0","0","10","3","0","60"
"64416568","Lelo","Stuck up","US","307","1266","10","0","0","11","23","0","67"
"79107839","Niontay","Mumbleman","ZA","307","5812","7","0","0","46","10","0","176"
"64416568","Lelo","Get It Together","US","305","311","5","0","0","12","7","0","67"
"147206531","Kymarcr","know*u","US","300","231","3","0","0","1","14","0","6"
"127921840","Baby Osamaa","Double D's","GH","298","4952","2","0","0","15","45","0","176"
"127921840","Baby Osamaa","Double D's","GH","298","28","2","0","0","15","45","0","176"
"64416568","Lelo","Pot Of Greed","JM","297","15574","1","0","0","22","0","0","67"
"64416568","Lelo","Holes","US","296","1419","7","0","0","11","13","0","67"
"108236416","Fimiguerrero","All My Cards","GB","296","1493","7","0","0","12","4","0","60"
"108236416","Fimiguerrero","Designer","CA","295","9321","6","0","0","16","6","0","60"
"127921840","Baby Osamaa","See It Different","GB","294","10195","1","0","0","2","4","0","176"
"127921840","Baby Osamaa","See It Different","GB","294","85","1","0","0","2","4","0","176"
"64416568","Lelo","Occasional Blue","US","293","591","3","0","0","12","13","0","67"
"108236416","Fimiguerrero","How High","US","284","1244","2","0","0","2","5","0","60"
"109041603","Sk8star","Walk Down","US","282","226","4","0","0","7","1","0","153"
"109041603","Sk8star","Kid Cudi","US","278","1668","3","0","0","15","11","0","153"
"64416568","Lelo","On The Wall","LR","274","13974","3","0","0","51","1","0","67"
"109041603","Sk8star","red dead","US","274","593","4","0","0","4","3","0","153"
"64416568","Lelo","On The Wall","TZ","273","13974","4","0","0","58","2","0","67"
"108236416","Fimiguerrero","Da Vinci","US","273","943","4","0","0","3","3","0","60"
"127921840","Baby Osamaa","I DONT MEAN IT","GH","271","31399","0","0","0","41","10","0","176"
"127921840","Baby Osamaa","I DONT MEAN IT","GH","271","398","0","0","0","41","10","0","176"
"64416568","Lelo","On The Wall","KE","267","13974","5","0","0","88","16","0","67"
"109041603","Sk8star","Backbone","US","265","206","4","0","0","4","3","0","153"
"64416568","Lelo","Pot Of Greed","LR","264","15574","7","0","0","24","2","0","67"
"109041603","Sk8star","Kame From Nothing","US","264","5221","2","0","0","15","9","0","153"
"79107839","Niontay","Triggaman","US","263","288","5","0","0","2","15","0","176"
"71552954","ffawty","Cruising in My Lane","NG","262","1746","3","0","0","25","2","0","175"
"127921840","Baby Osamaa","What's The Word","GH","259","59","5","0","0","14","2","0","176"
"127921840","Baby Osamaa","What's The Word","GH","259","4822","5","0","0","14","2","0","176"
"64416568","Lelo","Chasing","CA","259","8915","0","0","0","7","1","0","67"
"71552954","ffawty","Dopamine","NG","257","3330","4","0","0","18","6","0","175"
"108236416","Fimiguerrero","MVP","NG","255","6321","4","0","0","21","2","0","60"
"71552954","ffawty","Body","US","255","1384","5","0","0","27","3","0","175"
"108236416","Fimiguerrero","After Life","US","252","1289","4","0","0","2","4","0","60"
"64416568","Lelo","2hollis","GH","252","3393","6","0","0","24","18","0","67"
"108236416","Fimiguerrero","MVP","DE","251","6321","4","0","0","31","4","0","60"
"108236416","Fimiguerrero","Excuse My French","CA","248","3379","2","0","0","5","1","0","60"
"108236416","Fimiguerrero","Excuse My French","CA","248","4090","2","0","0","5","1","0","60"
"108236416","Fimiguerrero","Ankle Lock","GB","245","2926","5","0","0","12","2","0","60"
"109041603","Sk8star","new racks freestyle","US","245","1198","3","0","0","9","4","0","153"
"108236416","Fimiguerrero","Twist Da Key","US","244","850","2","0","0","7","5","0","60"
"108236416","Fimiguerrero","How High","GB","243","1244","6","0","0","12","3","0","60"
"108236416","Fimiguerrero","Standard","US","242","609","2","0","0","2","2","0","60"
"64416568","Lelo","On The Wall","SL","240","13974","4","0","0","27","2","0","67"
"79107839","Niontay","FULLCOURTPRESSHA","US","240","324","1","0","0","2","17","0","176"
"108236416","Fimiguerrero","Behave","GB","240","796","2","0","0","11","1","0","60"
"109041603","Sk8star","say so","US","239","786","5","0","0","8","2","0","153"
"109041603","Sk8star","mitchell & ness","US","238","1864","3","0","0","6","3","0","153"
"79107839","Niontay","32ummers","US","234","292","4","0","0","3","18","0","176"
"64416568","Lelo","Perfect Blue","CA","234","8183","1","0","0","9","7","0","67"
"109041603","Sk8star","Fuk Ya Face","US","231","808","3","0","0","8","12","0","153"
"108236416","Fimiguerrero","Ménage À Trois","CA","228","4840","3","0","0","1","2","0","60"
"71552954","ffawty","Camera Light","NG","226","4184","2","0","0","9","4","0","175"
"71552954","ffawty","CHOP","GH","225","4464","6","0","0","28","13","0","175"
"64416568","Lelo","Pot Of Greed","ZW","224","15574","3","0","0","62","4","0","67"
"71552954","ffawty","Switch Out The Lens","GH","224","2318","1","0","0","28","45","0","175"
"64416568","Lelo","In the City","US","223","1067","5","0","0","8","12","0","67"
"79107839","Niontay","Triangle offense feat. MAVI & Sideshow","US","221","284","5","0","0","3","9","0","176"
"64416568","Lelo","Limbless","ZA","220","21792","1","0","0","8","1","0","67"
"64416568","Lelo","Main Event","CA","218","4647","2","0","0","9","1","0","67"
"71552954","ffawty","Earth, Wind & Fire","US","217","295","8","0","0","30","3","0","175"
"109041603","Sk8star","permanent damage","US","217","794","4","0","0","9","2","0","153"
"71552954","ffawty","Dopamine","JM","215","3330","0","0","0","23","0","0","175"
"71552954","ffawty","pink bonnet","US","212","215","5","0","0","13","3","0","175"
"109041603","Sk8star","whole new meaning","US","210","1304","1","0","0","5","3","0","153"
"108236416","Fimiguerrero","MVP","ZA","208","6321","0","0","0","12","0","0","60"
"108236416","Fimiguerrero","No Papz","US","207","910","1","0","0","3","4","0","60"
"127921840","Baby Osamaa","this for u baby v2","US","204","456","4","0","0","1","2","0","176"
"127921840","Baby Osamaa","Enjoy The Ride","US","203","16","13","0","0","7","12","0","176"
"127921840","Baby Osamaa","Enjoy The Ride","US","203","284","13","0","0","7","12","0","176"
"127921840","Baby Osamaa","bridgetttt todayb","US","203","445","2","0","0","3","6","0","176"
"75512784","Brazy","Finest","NG","202","1232","0","0","0","64","0","0","57"
"109041603","Sk8star","Racks on Racks","US","202","705","1","0","0","4","2","0","153"
"64416568","Lelo","New Detroit","CA","202","4274","0","0","0","6","1","0","67"
"64416568","Lelo","Blessings","US","201","865","1","0","0","5","5","0","67"
"64416568","Lelo","On The Wall","JM","201","13974","2","0","0","13","0","0","67"
"64416568","Lelo","Pot Of Greed","DE","201","15574","3","0","0","9","1","0","67"
"108236416","Fimiguerrero","Osbatt","CA","199","195","0","0","0","4","1","0","60"
"108236416","Fimiguerrero","Osbatt","CA","199","5609","0","0","0","4","1","0","60"
"108236416","Fimiguerrero","MVP","CA","197","6321","6","0","0","9","1","0","60"
"109041603","Sk8star","Red Dot","US","197","10929","2","0","0","12","5","0","153"
"108236416","Fimiguerrero","Kerosene","US","195","1105","5","0","0","2","3","0","60"
"64416568","Lelo","Pot Of Greed","SL","194","15574","4","0","0","6","5","0","67"
"108236416","Fimiguerrero","Silhouette","US","192","786","1","0","0","2","3","0","60"
"108236416","Fimiguerrero","Kerosene","GB","191","1105","5","0","0","4","5","0","60"
"64416568","Lelo","No contempt","GB","191","26578","8","0","0","23","15","0","67"
"127921840","Baby Osamaa","MURDA X3","NG","190","936","0","0","0","5","3","0","176"
"127921840","Baby Osamaa","MURDA X3","NG","190","20","0","0","0","5","3","0","176"
"108236416","Fimiguerrero","Racks Up","GB","190","899","1","0","0","9","4","0","60"
"127921840","Baby Osamaa","Double D's","GB","189","4952","0","0","0","1","0","0","176"
"127921840","Baby Osamaa","Double D's","GB","189","28","0","0","0","1","0","0","176"
"64416568","Lelo","Limbless","DE","183","21792","0","0","0","9","1","0","67"
"64416568","Lelo","On The Wall","GB","183","13974","3","0","0","13","0","0","67"
"71552954","ffawty","Driving Fast","US","183","219","2","0","0","18","2","0","175"
"108236416","Fimiguerrero","Twist Da Key","GB","182","850","4","0","0","4","2","0","60"
"109041603","Sk8star","trendy","US","182","698","2","0","0","6","3","0","153"
"64416568","Lelo","Kudos","NG","181","2542","0","0","0","49","1","0","67"
"108236416","Fimiguerrero","Tartan","GH","181","2465","2","0","0","18","24","0","60"
"108236416","Fimiguerrero","Ménage À Trois","NG","180","4840","2","0","0","9","1","0","60"
"109041603","Sk8star","Southside","US","180","2473","4","0","0","12","6","0","153"
"108236416","Fimiguerrero","Designer","KE","178","9321","1","0","0","33","6","0","60"
"64416568","Lelo","On The Wall","DE","176","13974","3","0","0","13","3","0","67"
"108236416","Fimiguerrero","Blackbirds","NG","175","2312","2","0","0","11","2","0","60"
"64416568","Lelo","On The Wall","SN","172","13974","4","0","0","24","3","0","67"
"71552954","ffawty","fada","US","172","163","4","0","0","10","2","0","175"
"75512784","Brazy","Attends (DBN Gogo Remix)","GH","171","578","4","0","0","56","1","0","57"
"108236416","Fimiguerrero","After Life","GB","170","1289","3","0","0","7","0","0","60"
"79107839","Niontay","MR.HAVEMYWAY","CA","168","304","1","0","0","4","8","0","176"
"79107839","Niontay","MR.HAVEMYWAY","CA","168","4238","1","0","0","4","8","0","176"
"71552954","ffawty","Winner's Circle","NG","167","1583","2","1","0","13","2","0","175"
"127921840","Baby Osamaa","Rocks off v3","US","167","258","1","0","0","2","5","0","176"
"64416568","Lelo","Yoppenheimer","CA","167","4235","0","0","0","6","3","0","67"
"108236416","Fimiguerrero","I Want Everything","NG","166","3939","1","0","0","6","0","0","60"
"108236416","Fimiguerrero","Vogue","KE","165","10286","4","0","0","21","0","0","60"
"71552954","ffawty","Show Me Real","US","164","243","7","0","0","19","2","0","175"
"108236416","Fimiguerrero","Spanish Guitar","NG","163","3069","1","0","0","14","0","0","60"
"109041603","Sk8star","E Sex","US","163","1129","2","0","0","7","0","0","153"
"108236416","Fimiguerrero","Racks Up","US","163","899","3","0","0","3","7","0","60"
"64416568","Lelo","Hughes","CA","161","4708","4","0","0","5","1","0","67"
"108236416","Fimiguerrero","Semolina","US","161","645","0","0","0","4","3","0","60"
"79107839","Niontay","Da City of a Hunnid Plays","US","161","2808","2","0","0","1","11","0","176"
"64416568","Lelo","Hughes","CA","161","748","4","0","0","5","1","0","67"
"108236416","Fimiguerrero","It's Cool","CA","161","4697","1","0","0","8","6","0","60"
"108236416","Fimiguerrero","Designer","ZA","160","9321","3","0","0","29","1","0","60"
"64416568","Lelo","Numbers","US","159","172","1","0","0","4","2","0","67"
"108236416","Fimiguerrero","my bad bro","GH","159","5033","5","0","0","15","8","0","60"
"79107839","Niontay","MR.HAVEMYWAY","ZA","158","4238","1","0","0","8","1","0","176"
"79107839","Niontay","MR.HAVEMYWAY","ZA","158","304","1","0","0","8","1","0","176"
"127921840","Baby Osamaa","Teach U How To Trap","US","157","14","9","0","0","5","9","0","176"
"127921840","Baby Osamaa","Teach U How To Trap","US","157","169","9","0","0","5","9","0","176"
"127921840","Baby Osamaa","YOUGETTINGF*CKEDONOUTHERE","US","156","0","7","0","0","4","8","0","176"
"127921840","Baby Osamaa","YOUGETTINGF*CKEDONOUTHERE","US","156","2","7","0","0","4","8","0","176"
"71552954","ffawty","CHOP","JM","156","4464","0","0","0","26","0","0","175"
"108236416","Fimiguerrero","Behave","US","156","796","0","0","0","2","8","0","60"
"64416568","Lelo","Demeulemeester","US","155","1198","1","0","0","4","7","0","67"
"79107839","Niontay","Mumbleman","CA","155","5812","2","0","0","19","7","0","176"
"108236416","Fimiguerrero","No Papz","GB","154","910","3","0","0","4","2","0","60"
"127921840","Baby Osamaa","Kill Bout Mine","US","153","605","3","0","0","9","2","0","176"
"64416568","Lelo","Pot Of Greed","MX","153","15574","3","0","0","10","0","0","67"
"71552954","ffawty","LETTING GO","US","152","221","7","0","0","25","5","0","175"
"64416568","Lelo","Perfect Blue","GB","152","8183","2","0","0","5","4","0","67"
"108236416","Fimiguerrero","Vogue","ZA","151","10286","0","0","0","19","8","0","60"
"108236416","Fimiguerrero","Silhouette","GB","151","786","3","0","0","4","3","0","60"
"127921840","Baby Osamaa","Enjoy The Ride","GB","149","284","0","0","0","0","0","0","176"
"71552954","ffawty","Camera Light","JM","149","4184","0","0","0","20","0","0","175"
"127921840","Baby Osamaa","Enjoy The Ride","GB","149","16","0","0","0","0","0","0","176"
"71552954","ffawty","HOLLABACK GIRL","CA","149","4671","7","0","0","22","6","0","175"
"64416568","Lelo","Pot Of Greed","PH","148","15574","2","0","0","35","6","0","67"
"64416568","Lelo","Chasing","GB","148","8915","1","0","0","9","2","0","67"
"109041603","Sk8star","On God","NG","147","1302","2","0","0","27","8","0","153"
"127921840","Baby Osamaa","I DONT MEAN IT","CA","145","398","1","0","0","12","1","0","176"
"127921840","Baby Osamaa","I DONT MEAN IT","CA","145","31399","1","0","0","12","1","0","176"
"75512784","Brazy","Attends","GB","144","1416","0","0","0","8","19","0","57"
"64416568","Lelo","Pot Of Greed","HT","144","15574","6","0","0","22","0","0","67"
"75512784","Brazy","Attends","GB","144","27904","0","0","0","8","19","0","57"
"79107839","Niontay","Vice Grip","US","143","1077","1","0","0","2","0","0","176"
"127921840","Baby Osamaa","2 feel pitch 14","US","142","232","1","0","0","2","1","0","176"
"109041603","Sk8star","Backdoor","US","141","713","3","0","0","11","1","0","153"
"79107839","Niontay","Mumbleman","ZM","139","5812","0","0","0","8","1","0","176"
"127921840","Baby Osamaa","Build A Boy","US","139","476","3","0","0","3","1","0","176"
"64416568","Lelo","On The Wall","CM","138","13974","3","0","0","15","2","0","67"
"127921840","Baby Osamaa","See It Different","ZA","138","10195","0","0","0","23","1","0","176"
"127921840","Baby Osamaa","See It Different","ZA","138","85","0","0","0","23","1","0","176"
"71552954","ffawty","CHOP","ZA","138","4464","1","0","0","32","1","0","175"
"127921840","Baby Osamaa","Pacer Test","CA","134","6853","0","0","0","3","1","0","176"
"127921840","Baby Osamaa","Pacer Test","CA","134","224","0","0","0","3","1","0","176"
"64416568","Lelo","Teanna Trump (Freakmix)","US","133","617","4","0","0","8","9","0","67"
"64416568","Lelo","Pot Of Greed","FR","133","15574","4","0","0","10","3","0","67"
"79107839","Niontay","Post game pskr (feat. El Cousteau)","US","132","269","3","0","0","5","16","0","176"
"109041603","Sk8star","Kid Cudi","NG","132","1668","0","0","0","2","1","0","153"
"108236416","Fimiguerrero","MVP","GH","131","6321","2","0","0","9","1","0","60"
"71552954","ffawty","HOLLABACK GIRL","GB","131","4671","2","0","0","8","4","0","175"
"64416568","Lelo","Pot Of Greed","SN","130","15574","2","0","0","6","2","0","67"
"108236416","Fimiguerrero","MVP","FR","129","6321","1","0","0","9","7","0","60"
"64416568","Lelo","Perfect Blue","ZA","129","8183","3","0","0","27","1","0","67"
"64416568","Lelo","On The Wall","HT","129","13974","1","0","0","13","5","0","67"
"127921840","Baby Osamaa","No Label","US","128","275","1","0","0","7","1","0","176"
"108236416","Fimiguerrero","Semolina","GB","127","645","3","0","0","5","2","0","60"
"109041603","Sk8star","PlayNoGames","US","127","760","2","0","0","3","3","0","153"
"79107839","Niontay","GMAN balaclava(like09)","US","127","212","4","0","0","2","13","0","176"
"108236416","Fimiguerrero","Wet Mouth","NG","126","1660","0","0","0","7","0","0","60"
"79107839","Niontay","Mumbleman","JM","126","5812","1","0","0","9","1","0","176"
"64416568","Lelo","On The Wall","FR","125","13974","3","1","0","8","6","0","67"
"64416568","Lelo","Flakers","CA","123","843","0","0","0","3","1","0","67"
"64416568","Lelo","Flakers","CA","123","775","0","0","0","3","1","0","67"
"108236416","Fimiguerrero","After Life","NG","122","1289","2","0","0","6","0","0","60"
"108236416","Fimiguerrero","Excuse My French","ZA","122","4090","2","0","0","14","1","0","60"
"71552954","ffawty","Cruising in My Lane","ZA","122","1746","0","0","0","4","0","0","175"
"108236416","Fimiguerrero","Excuse My French","ZA","122","3379","2","0","0","14","1","0","60"
"108236416","Fimiguerrero","Ozempic","GB","122","746","1","0","0","3","0","0","60"
"127921840","Baby Osamaa","CUT ME OFF","US","122","651","2","0","0","11","3","0","176"
"75512784","Brazy","Attends","US","121","27904","0","0","0","24","4","0","57"
"75512784","Brazy","Attends","US","121","1416","0","0","0","24","4","0","57"
"109041603","Sk8star","light ice","TT","121","6968","2","0","0","2","0","0","153"
"109041603","Sk8star","SEX","GB","120","3750","1","0","0","4","1","0","153"
"108236416","Fimiguerrero","Mandy","KE","119","9407","0","0","0","14","1","0","60"
"109041603","Sk8star","offtheX","US","119","398","3","0","0","5","15","0","153"
"108236416","Fimiguerrero","Angles","GB","117","479","2","0","0","2","2","0","60"
"109041603","Sk8star","FlyLikeABird","US","115","912","2","0","0","6","1","0","153"
"108236416","Fimiguerrero","Racks Up","NG","114","899","0","0","0","0","0","0","60"
"109041603","Sk8star","Fck on a Fan","US","114","126","3","0","0","7","2","0","153"
"79107839","Niontay","Mumbleman","GB","113","5812","1","0","0","7","9","0","176"
"64416568","Lelo","Pot Of Greed","UG","113","15574","4","0","0","12","1","0","67"
"127921840","Baby Osamaa","See It Different","RU","113","85","1","0","0","1","1","0","176"
"127921840","Baby Osamaa","See It Different","RU","113","10195","1","0","0","1","1","0","176"
"127921840","Baby Osamaa","See It Different","JM","113","10195","0","0","0","2","0","0","176"
"127921840","Baby Osamaa","See It Different","JM","113","85","0","0","0","2","0","0","176"
"127921840","Baby Osamaa","Grow My Brain","US","112","487","0","0","0","4","3","0","176"
"127921840","Baby Osamaa","sick  [baby osama ]","US","112","180","2","0","0","2","1","0","176"
"127921840","Baby Osamaa","Pacer Test","NG","112","224","1","0","0","0","2","0","176"
"64416568","Lelo","On The Wall","MX","112","13974","0","0","0","9","0","0","67"
"127921840","Baby Osamaa","Pacer Test","NG","112","6853","1","0","0","0","2","0","176"
"71552954","ffawty","HOLLABACK GIRL","JM","111","4671","2","0","0","15","3","0","175"
"64416568","Lelo","Perfect Blue","KE","111","8183","2","0","0","22","10","0","67"
"108236416","Fimiguerrero","my bad bro","ZA","111","5033","6","0","0","7","0","0","60"
"79107839","Niontay","Real hiphop feat. Earl Sweatshirt, El Cousteau, & MIKE","US","110","1799","2","0","0","12","6","0","176"
"64416568","Lelo","On The Wall","ZW","110","13974","3","0","0","46","0","0","67"
"108236416","Fimiguerrero","Osbatt","ZA","110","195","3","0","0","27","0","0","60"
"71552954","ffawty","Winner's Circle","JM","110","1583","1","0","0","8","0","0","175"
"79107839","Niontay","MR.HAVEMYWAY","GB","110","304","0","0","0","0","0","0","176"
"79107839","Niontay","MR.HAVEMYWAY","GB","110","4238","0","0","0","0","0","0","176"
"108236416","Fimiguerrero","Osbatt","ZA","110","5609","3","0","0","27","0","0","60"
"109041603","Sk8star","SEX","CA","109","3750","6","0","0","13","2","0","153"
"79107839","Niontay","+100underdogs feat. Dav1d","US","108","236","1","0","0","1","13","0","176"
"108236416","Fimiguerrero","my bad bro","IT","108","5033","0","0","0","1","0","0","60"
"79107839","Niontay","Mumbleman","KE","107","5812","0","0","0","37","5","0","176"
"108236416","Fimiguerrero","Ozempic","NG","107","746","1","0","0","5","0","0","60"
"64416568","Lelo","Pot Of Greed","CM","107","15574","1","0","0","8","5","0","67"
"71552954","ffawty","Dopamine","ZA","105","3330","0","0","0","13","0","0","175"
"127921840","Baby Osamaa","Better","GB","104","570","0","0","0","1","0","0","176"
"64416568","Lelo","Bathing Ape","LR","104","1606","0","0","0","11","4","0","67"
"79107839","Niontay","MR.HAVEMYWAY","JM","104","4238","0","0","0","3","2","0","176"
"79107839","Niontay","MR.HAVEMYWAY","JM","104","304","0","0","0","3","2","0","176"
"71552954","ffawty","Dopamine","GH","104","3330","4","0","0","7","0","0","175"
"127921840","Baby Osamaa","Better","GB","104","27","0","0","0","1","0","0","176"
"79107839","Niontay","Top da top","ZA","103","1033","0","0","0","0","1","0","176"
"108236416","Fimiguerrero","Gucci","NG","103","4731","2","0","0","3","0","0","60"
"64416568","Lelo","Encore","CA","102","2659","0","0","0","2","0","0","67"
"64416568","Lelo","Pot Of Greed","RW","102","15574","0","0","0","5","7","0","67"
"79107839","Niontay","Mumbleman","TZ","102","5812","1","0","0","21","4","0","176"
"64416568","Lelo","Perfect Blue","TZ","101","8183","0","0","0","12","1","0","67"
"64416568","Lelo","Pot Of Greed","TT","101","15574","2","0","0","8","2","0","67"
"64416568","Lelo","Pot Of Greed","BJ","101","15574","1","0","0","11","1","0","67"
"64416568","Lelo","Main Event","GB","100","4647","0","0","0","12","3","0","67"
"75512784","Brazy","omg","NG","100","1704","2","0","0","10","3","0","57"
"64416568","Lelo","Pot Of Greed","ZM","100","15574","0","0","0","4","0","0","67"
"108236416","Fimiguerrero","Angles","US","99","479","2","0","0","1","4","0","60"
"108236416","Fimiguerrero","Midas Touch","GB","98","617","0","0","0","2","0","0","60"
"79107839","Niontay","Top da top","NG","98","1033","1","0","0","11","5","0","176"
"127921840","Baby Osamaa","I DONT MEAN IT","GB","97","31399","0","0","0","3","0","0","176"
"64416568","Lelo","2hollis","CA","97","3393","1","0","0","6","3","0","67"
"127921840","Baby Osamaa","I DONT MEAN IT","GB","97","398","0","0","0","3","0","0","176"
"64416568","Lelo","Perfect Blue","SL","96","8183","3","0","0","13","0","0","67"
"127921840","Baby Osamaa","Did Me Wrong","NG","96","22054","1","0","0","4","0","0","176"
"64416568","Lelo","On The Wall","UG","96","13974","1","0","0","23","5","0","67"
"64416568","Lelo","On The Wall","PH","96","13974","4","0","0","20","5","0","67"
"127921840","Baby Osamaa","Did Me Wrong","NG","96","284","1","0","0","4","0","0","176"
"75512784","Brazy","Attends","SL","94","1416","0","0","0","10","0","0","57"
"109041603","Sk8star","offerings","US","94","411","1","0","0","5","1","0","153"
"108236416","Fimiguerrero","How High","NG","94","1244","1","0","0","4","1","0","60"
"127921840","Baby Osamaa","All Ya  Dec 20  Baby Osama","US","94","156","1","0","0","0","3","0","176"
"108236416","Fimiguerrero","Semolina","NG","94","645","0","0","0","1","0","0","60"
"75512784","Brazy","Attends","SL","94","27904","0","0","0","10","0","0","57"
"108236416","Fimiguerrero","All My Cards","NG","93","1493","2","0","0","3","1","0","60"
"64416568","Lelo","Demeulemeester","CA","93","1198","0","0","0","2","0","0","67"
"127921840","Baby Osamaa","I DONT MEAN IT","ZA","93","31399","1","0","0","15","1","0","176"
"127921840","Baby Osamaa","I DONT MEAN IT","ZA","93","398","1","0","0","15","1","0","176"
"79107839","Niontay","So lovely","US","93","166","1","0","0","1","13","0","176"
"71552954","ffawty","CHOP","CA","93","4464","1","0","0","15","4","0","175"
"127921840","Baby Osamaa","What's The Word","CA","92","4822","1","0","0","5","3","0","176"
"64416568","Lelo","Kudos","GB","92","2542","0","0","0","2","0","0","67"
"127921840","Baby Osamaa","What's The Word","CA","92","59","1","0","0","5","3","0","176"
"64416568","Lelo","On The Wall","ZM","92","13974","0","0","0","6","2","0","67"
"108236416","Fimiguerrero","Mandy","ZM","91","9407","1","0","0","10","1","0","60"
"108236416","Fimiguerrero","Vogue","JM","91","10286","1","0","0","7","0","0","60"
"127921840","Baby Osamaa","Double D's","JM","91","4952","0","0","0","1","0","0","176"
"71552954","ffawty","Earth, Wind & Fire","NG","91","295","1","0","0","4","0","0","175"
"64416568","Lelo","On The Wall","RW","91","13974","0","0","0","11","3","0","67"
"64416568","Lelo","Perfect Blue","LR","91","8183","1","0","0","14","11","0","67"
"127921840","Baby Osamaa","Double D's","JM","91","28","0","0","0","1","0","0","176"
"127921840","Baby Osamaa","If I See U Wit Her","NG","90","327","1","0","0","7","0","0","176"
"127921840","Baby Osamaa","If I See U Wit Her","NG","90","6724","1","0","0","7","0","0","176"
"109041603","Sk8star","hermès","US","90","463","0","0","0","4","1","0","153"
"79107839","Niontay","32ummers","ZA","90","292","0","0","0","0","0","0","176"
"64416568","Lelo","Limbless","PH","89","21792","1","0","0","4","2","0","67"
"108236416","Fimiguerrero","I Want Everything","CA","89","3939","2","0","0","4","2","0","60"
"108236416","Fimiguerrero","Spanish Guitar","CA","89","3069","1","0","0","2","1","0","60"
"127921840","Baby Osamaa","YOUGETTINGF*CKEDONOUTHERE","GB","88","2","0","0","0","0","0","0","176"
"127921840","Baby Osamaa","YOUGETTINGF*CKEDONOUTHERE","GB","88","0","0","0","0","0","0","0","176"
"108236416","Fimiguerrero","Ankle Lock","NG","88","2926","1","0","0","4","1","0","60"
"64416568","Lelo","On The Wall","GM","88","13974","1","0","0","18","1","0","67"
"79107839","Niontay","MR.HAVEMYWAY","KE","87","4238","1","0","0","12","28","0","176"
"79107839","Niontay","MR.HAVEMYWAY","KE","87","304","1","0","0","12","28","0","176"
"79107839","Niontay","Stuntin’ like my baba feat. lil peanutbutter","US","87","147","1","0","0","0","12","0","176"
"64416568","Lelo","Perfect Blue","JM","87","8183","1","0","0","7","0","0","67"
"127921840","Baby Osamaa","value","US","86","174","5","0","0","2","3","0","176"
"64416568","Lelo","Kudos","CA","86","2542","3","0","0","3","6","0","67"
"79107839","Niontay","+100underdogs feat. Dav1d","ZA","86","236","0","0","0","0","0","0","176"
"127921840","Baby Osamaa","This For You Baby","GB","85","738","0","0","0","0","0","0","176"
"127921840","Baby Osamaa","See It Different","CM","85","10195","0","0","0","1","7","0","176"
"79107839","Niontay","Post game pskr (feat. El Cousteau)","ZA","85","269","0","0","0","0","0","0","176"
"127921840","Baby Osamaa","MURDA X3","GB","85","936","0","0","0","0","0","0","176"
"108236416","Fimiguerrero","Vogue","GH","85","10286","5","0","0","10","1","0","60"
"127921840","Baby Osamaa","See It Different","CM","85","85","0","0","0","1","7","0","176"
"108236416","Fimiguerrero","Kerosene","NG","85","1105","3","0","0","4","0","0","60"
"127921840","Baby Osamaa","This For You Baby","GB","85","11","0","0","0","0","0","0","176"
"71552954","ffawty","WRITTEN","NG","85","622","1","0","0","4","0","0","175"
"127921840","Baby Osamaa","one take  [baby osama]","US","85","160","1","0","0","0","1","0","176"
"127921840","Baby Osamaa","MURDA X3","GB","85","20","0","0","0","0","0","0","176"
"64416568","Lelo","On The Wall","BJ","84","13974","1","0","0","18","0","0","67"
"79107839","Niontay","WHEREDEYAT???","US","84","353","1","0","0","8","2","0","176"
"108236416","Fimiguerrero","Standard","GB","84","609","2","0","0","2","1","0","60"
"64416568","Lelo","Limbless","TT","84","21792","1","0","0","4","1","0","67"
"79107839","Niontay","WHEREDEYAT???","US","84","66","1","0","0","8","2","0","176"
"71552954","ffawty","Camera Light","GH","83","4184","0","0","0","5","0","0","175"
"127921840","Baby Osamaa","Teach U How To Trap","GB","83","169","0","0","0","0","0","0","176"
"127921840","Baby Osamaa","Teach U How To Trap","GB","83","14","0","0","0","0","0","0","176"
"127921840","Baby Osamaa","In & Out","NG","83","3891","0","0","0","18","15","0","176"
"64416568","Lelo","Pot Of Greed","AE","83","15574","2","0","0","7","0","0","67"
"127921840","Baby Osamaa","In & Out","NG","83","5618","0","0","0","18","15","0","176"
"79107839","Niontay","FULLCOURTPRESSHA","ZA","82","324","0","0","0","0","0","0","176"
"79107839","Niontay","THANK ALLAH","US","82","739","2","0","0","2","2","0","176"
"127921840","Baby Osamaa","See It Different","TZ","82","85","0","0","0","3","14","0","176"
"127921840","Baby Osamaa","What's The Word","ZA","82","59","1","0","0","5","3","0","176"
"79107839","Niontay","THANK ALLAH","US","82","102","2","0","0","2","2","0","176"
"79107839","Niontay","Lifestyles of da young n nomadic interlude","US","82","155","1","0","0","0","7","0","176"
"127921840","Baby Osamaa","See It Different","TZ","82","10195","0","0","0","3","14","0","176"
"127921840","Baby Osamaa","What's The Word","ZA","82","4822","1","0","0","5","3","0","176"
"108236416","Fimiguerrero","Midas Touch","US","81","617","2","0","0","1","3","0","60"
"79107839","Niontay","Mumbleman","BR","81","5812","0","0","0","2","4","0","176"
"108236416","Fimiguerrero","Mandy","ZA","81","9407","0","0","0","14","9","0","60"
"64416568","Lelo","Pot Of Greed","CI","79","15574","1","0","0","3","0","0","67"
"79107839","Niontay","Vice grip","ZA","79","275","0","0","0","0","0","0","176"
"127921840","Baby Osamaa","Diff World","US","79","410","2","0","0","2","2","0","176"
"75512784","Brazy","Daddy","NG","79","3010","0","0","0","14","0","0","57"
"79107839","Niontay","Triggaman","ZA","78","288","0","0","0","0","0","0","176"
"127921840","Baby Osamaa","Pacer Test (Sped)","US","78","91","1","0","0","1","0","0","176"
"127921840","Baby Osamaa","Pacer Test (Sped)","US","78","70","1","0","0","1","0","0","176"
"108236416","Fimiguerrero","Silhouette","NG","78","786","1","0","0","3","0","0","60"
"108236416","Fimiguerrero","Mandy","EG","78","9407","0","0","0","1","0","0","60"
"109041603","Sk8star","in trouble","US","77","348","0","0","0","1","0","0","153"
"79107839","Niontay","Bac2highBac2reality","US","76","318","0","0","0","3","2","0","176"
"109041603","Sk8star","SEX","ZA","76","3750","1","0","0","27","1","0","153"
"79107839","Niontay","Bac2highBac2reality","US","76","130","0","0","0","3","2","0","176"
"108236416","Fimiguerrero","Twist Da Key","NG","76","850","0","0","0","3","1","0","60"
"64416568","Lelo","Blessings","CA","75","865","1","0","0","2","0","0","67"
"79107839","Niontay","Mumbleman","ZW","75","5812","2","0","0","29","3","0","176"
"79107839","Niontay","X-factor","US","75","138","2","0","0","0","9","0","176"
"71552954","ffawty","Dopamine","VG","74","3330","1","0","0","11","0","0","175"
"108236416","Fimiguerrero","No Papz","NG","73","910","0","0","0","0","0","0","60"
"79107839","Niontay","Da hiss of technology","US","73","126","2","0","0","0","8","0","176"
"127921840","Baby Osamaa","CUT ME OFF","GB","73","651","0","0","0","1","0","0","176"
"108236416","Fimiguerrero","Da Vinci","NG","72","943","0","0","0","2","0","0","60"
"71552954","ffawty","Reposado","VG","72","2375","0","0","0","16","0","0","175"
"75512784","Brazy","Finest","GH","72","1232","1","0","0","9","1","0","57"
"79107839","Niontay","Souljaman by Smv","US","72","135","1","0","0","0","10","0","176"
"108236416","Fimiguerrero","my bad bro","JM","71","5033","0","0","0","5","0","0","60"
"108236416","Fimiguerrero","Ozempic","US","71","746","1","0","0","2","7","0","60"
"79107839","Niontay","Mumbleman","IN","71","5812","0","0","0","10","0","0","176"
"71552954","ffawty","Cruising in My Lane","SX","71","1746","1","0","0","1","0","0","175"
"71552954","ffawty","2AM","NG","71","623","0","0","0","2","0","0","175"
"64416568","Lelo","Pot Of Greed","ML","70","15574","1","0","0","2","0","0","67"
"79107839","Niontay","GMAN balaclava(like09)","ZA","70","212","0","0","0","0","0","0","176"
"79107839","Niontay","Old Kent road freestyle","US","70","147","0","0","0","1","14","0","176"
"64416568","Lelo","Pot Of Greed","CD","69","15574","0","0","0","2","0","0","67"
"71552954","ffawty","HOLLABACK GIRL","ZA","69","4671","2","0","0","20","1","0","175"
"64416568","Lelo","Master Roshi","CA","69","1163","0","0","0","2","0","0","67"
"79107839","Niontay","Lifestyles of da young n nomadic interlude","ZA","69","155","0","0","0","0","0","0","176"
"64416568","Lelo","On The Wall","ML","68","13974","2","0","0","15","0","0","67"
"108236416","Fimiguerrero","Vogue","ZM","68","10286","2","0","0","13","2","0","60"
"108236416","Fimiguerrero","Osbatt","JM","67","195","1","0","0","3","0","0","60"
"108236416","Fimiguerrero","Osbatt","JM","67","5609","1","0","0","3","0","0","60"
"79107839","Niontay","Old Kent road freestyle","ZA","67","147","0","0","0","0","0","0","176"
"108236416","Fimiguerrero","Osbatt","KE","66","5609","1","0","0","17","3","0","60"
"108236416","Fimiguerrero","Ménage À Trois","ZA","66","4840","1","0","0","8","8","0","60"
"79107839","Niontay","Mumbleman","MW","66","5812","1","0","0","4","2","0","176"
"108236416","Fimiguerrero","Osbatt","KE","66","195","1","0","0","17","3","0","60"
"64416568","Lelo","Limbless","FR","66","21792","3","0","0","3","6","0","67"
"79107839","Niontay","Mumbleman","DE","66","5812","0","0","0","3","0","0","176"
"108236416","Fimiguerrero","Behave","NG","66","796","0","0","0","0","0","0","60"
"127921840","Baby Osamaa","Osama 4 President","US","65","396","1","0","0","3","1","0","176"
"127921840","Baby Osamaa","Double D's","ZA","65","4952","1","0","0","11","3","0","176"
"127921840","Baby Osamaa","Double D's","ZA","65","28","1","0","0","11","3","0","176"
"64416568","Lelo","On The Wall","TG","64","13974","2","0","0","9","18","0","67"
"108236416","Fimiguerrero","Designer","UG","64","9321","2","0","0","5","1","0","60"
"64416568","Lelo","No contempt","DE","64","26578","0","0","0","6","1","0","67"
"71552954","ffawty","CHOP","VG","64","4464","0","0","0","8","0","0","175"
"64416568","Lelo","Pot Of Greed","GM","64","15574","0","0","0","11","1","0","67"
"64416568","Lelo","2hollis","ZA","64","3393","2","1","0","7","3","0","67"
"64416568","Lelo","Pot Of Greed","TG","63","15574","3","0","0","5","0","0","67"
"79107839","Niontay","Poltergeist feat. Jadasea","US","63","127","1","0","0","0","9","0","176"
"71552954","ffawty","HOLLABACK GIRL","TZ","63","4671","1","0","0","2","1","0","175"
"108236416","Fimiguerrero","Excuse My French","GH","63","3379","1","0","0","12","10","0","60"
"108236416","Fimiguerrero","Excuse My French","GH","63","4090","1","0","0","12","10","0","60"
"79107839","Niontay","In my UA sweater","ZA","62","575","0","0","0","1","0","0","176"
"79107839","Niontay","Da City Of A Hunnid Plays","US","62","659","0","0","0","4","0","0","176"
"127921840","Baby Osamaa","AI","US","62","491","0","0","0","1","2","0","176"
"109041603","Sk8star","On God","GH","62","1302","4","0","0","11","2","0","153"
"71552954","ffawty","Winner's Circle","CA","61","1583","1","0","0","3","0","0","175"
"108236416","Fimiguerrero","my bad bro","FR","61","5033","0","0","0","6","5","0","60"
"71552954","ffawty","Reposado","PR","61","2375","1","0","0","3","0","0","175"
"64416568","Lelo","Camelot","CA","61","1606","0","0","0","3","0","0","67"
"79107839","Niontay","Souljaman by Smv","ZA","61","135","0","0","0","0","0","0","176"
"64416568","Lelo","On The Wall","CI","61","13974","1","0","0","5","0","0","67"
"79107839","Niontay","Mumbleman","FR","60","5812","0","0","0","6","2","0","176"
"71552954","ffawty","Switch Out The Lens","GB","60","2318","0","0","0","2","0","0","175"
"108236416","Fimiguerrero","Ozempic","CA","60","746","0","0","0","0","0","0","60"
"127921840","Baby Osamaa","So Real (Bonus)","GB","60","158","0","0","0","1","0","0","176"
"127921840","Baby Osamaa","So Real (Bonus)","GB","60","2821","0","0","0","1","0","0","176"
"108236416","Fimiguerrero","Gucci","CA","59","4731","3","0","0","4","2","0","60"
"71552954","ffawty","CHOP","TT","59","4464","0","0","0","6","0","0","175"
"79107839","Niontay","Stuntin’ like my baba feat. lil peanutbutter","ZA","59","147","0","0","0","0","0","0","176"
"79107839","Niontay","Poltergeist feat. Jadasea","ZA","59","127","0","0","0","0","0","0","176"
"108236416","Fimiguerrero","It's Cool","ZA","58","4697","2","0","0","19","0","0","60"
"109041603","Sk8star","E Sex","NG","58","1129","0","0","0","0","0","0","153"
"79107839","Niontay","So lovely","ZA","58","166","0","0","0","0","0","0","176"
"64416568","Lelo","Close Friends","NG","58","645","0","0","0","5","0","0","67"
"109041603","Sk8star","Bags Of Course","US","58","5290","0","0","0","4","1","0","153"
"127921840","Baby Osamaa","I wanna flyyyy ✈️","CA","58","1091","0","0","0","0","0","0","176"
"108236416","Fimiguerrero","Mandy","GH","58","9407","3","0","0","7","1","0","60"
"71552954","ffawty","Body","JM","58","1384","0","0","0","12","0","0","175"
"108236416","Fimiguerrero","Ankle Lock","CA","57","2926","0","0","0","0","1","0","60"
"64416568","Lelo","Limbless","BS","57","21792","0","0","0","8","0","0","67"
"71552954","ffawty","Switch Out The Lens","CA","57","2318","3","0","0","5","3","0","175"
"109041603","Sk8star","AINTNOTHIN","US","56","632","0","0","0","3","0","0","153"
"108236416","Fimiguerrero","Mandy","JM","56","9407","0","0","0","8","0","0","60"
"64416568","Lelo","On The Wall","AE","56","13974","0","0","0","5","1","0","67"
"127921840","Baby Osamaa","Broke Again","US","56","260","1","0","0","1","1","0","176"
"64416568","Lelo","2hollis","GB","56","3393","2","0","0","4","4","0","67"
"108236416","Fimiguerrero","Blackbirds","CA","56","2312","0","0","0","3","2","0","60"
"64416568","Lelo","Perfect Blue","ZW","55","8183","1","0","0","20","1","0","67"
"108236416","Fimiguerrero","MVP","ZW","55","6321","2","1","0","7","0","0","60"
"127921840","Baby Osamaa","If I See U Wit Her Pt. 2","NG","55","227","0","0","0","1","0","0","176"
"127921840","Baby Osamaa","If I See U Wit Her Pt. 2","NG","55","7066","0","0","0","1","0","0","176"
"71552954","ffawty","JUMP","NG","55","988","1","0","0","3","1","0","175"
"108236416","Fimiguerrero","All My Cards","CA","55","1493","0","0","0","1","2","0","60"
"64416568","Lelo","Pot Of Greed","GY","55","15574","0","0","0","2","1","0","67"
"71552954","ffawty","JUMP","NG","55","18","1","0","0","3","1","0","175"
"108236416","Fimiguerrero","Wet Mouth","CA","55","1660","1","0","0","1","1","0","60"
"160377699","Baretta","Nice Kid","US","55","45","0","0","0","1","1","0","6"
"75512784","Brazy","Finest","US","55","1232","0","0","0","0","6","0","57"
"127921840","Baby Osamaa","See It Different","FR","54","85","0","0","0","1","4","0","176"
"79107839","Niontay","Mumbleman","UG","54","5812","1","0","0","8","1","0","176"
"127921840","Baby Osamaa","See It Different","FR","54","10195","0","0","0","1","4","0","176"
"108236416","Fimiguerrero","Blackbirds","ZA","54","2312","1","0","0","7","0","0","60"
"108236416","Fimiguerrero","Vogue","TT","54","10286","0","0","0","5","0","0","60"
"127921840","Baby Osamaa","What's The Word","KE","53","4822","1","0","0","6","1","0","176"
"71552954","ffawty","Switch Out The Lens","JM","53","2318","1","0","0","9","0","0","175"
"127921840","Baby Osamaa","What's The Word","KE","53","59","1","0","0","6","1","0","176"
"64416568","Lelo","Perfect Blue","HT","53","8183","1","0","0","5","4","0","67"
"71552954","ffawty","CHOP","PR","53","4464","2","0","0","1","0","0","175"
"108236416","Fimiguerrero","Vogue","DE","52","10286","2","0","0","9","3","0","60"
"127921840","Baby Osamaa","Line Em Up","NG","52","15283","0","0","0","3","4","0","176"
"127921840","Baby Osamaa","What's The Word","JM","52","4822","0","0","0","1","1","0","176"
"64416568","Lelo","On The Wall","BS","52","13974","1","0","0","4","2","0","67"
"64416568","Lelo","Perfect Blue","CM","52","8183","0","0","0","10","1","0","67"
"79107839","Niontay","Post game pskr (feat. El Cousteau)","CA","52","269","1","0","0","1","0","0","176"
"127921840","Baby Osamaa","What's The Word","JM","52","59","0","0","0","1","1","0","176"
"109041603","Sk8star","On God","CA","52","1302","2","0","0","10","0","0","153"
"71552954","ffawty","HOLLABACK GIRL","KE","52","4671","0","0","0","14","3","0","175"
"127921840","Baby Osamaa","Line Em Up","NG","52","250","0","0","0","3","4","0","176"
"127921840","Baby Osamaa","What's The Word","CH","51","4822","0","0","0","2","0","0","176"
"127921840","Baby Osamaa","See It Different","ZW","51","10195","0","0","0","12","0","0","176"
"108236416","Fimiguerrero","my bad bro","DE","51","5033","0","0","0","5","0","0","60"
"108236416","Fimiguerrero","It's Cool","JM","51","4697","1","0","0","5","0","0","60"
"71552954","ffawty","JUMP","CA","51","18","1","0","0","1","0","0","175"
"108236416","Fimiguerrero","my bad bro","KE","51","5033","1","0","0","7","0","0","60"
"127921840","Baby Osamaa","See It Different","ZW","51","85","0","0","0","12","0","0","176"
"71552954","ffawty","JUMP","CA","51","988","1","0","0","1","0","0","175"
"127921840","Baby Osamaa","What's The Word","CH","51","59","0","0","0","2","0","0","176"
"64416568","Lelo","Perfect Blue","FR","51","8183","1","0","0","6","6","0","67"
"109041603","Sk8star","skys the limit","US","51","132","0","0","0","0","0","0","153"
"108236416","Fimiguerrero","my bad bro","ZW","50","5033","1","0","0","5","0","0","60"
"71552954","ffawty","Pepsi","CA","50","434","1","0","0","0","0","0","175"
"71552954","ffawty","Miracle","CA","50","464","1","0","0","0","0","0","175"
"71552954","ffawty","Camera Light","PR","50","4184","0","0","0","2","0","0","175"
"71552954","ffawty","Show Me Real","NG","50","243","1","0","0","2","1","0","175"
"64416568","Lelo","2hollis","KE","50","3393","1","0","0","4","2","0","67"
"71552954","ffawty","Dopamine","CA","50","3330","1","0","0","7","1","0","175"
"71552954","ffawty","Hallelujah","NG","50","577","1","0","0","3","1","0","175"
"108236416","Fimiguerrero","Ankle Lock","JM","50","2926","0","0","0","2","0","0","60"
"109041603","Sk8star","Kame From Nothing","ZA","49","5221","1","0","0","2","0","0","153"
"64416568","Lelo","Perfect Blue","SN","49","8183","0","0","0","5","6","0","67"
"75512784","Brazy","Attends","IN","49","27904","0","0","0","1","0","0","57"
"108236416","Fimiguerrero","Designer","DE","49","9321","2","0","0","6","0","0","60"
"75512784","Brazy","Attends","IN","49","1416","0","0","0","1","0","0","57"
"79107839","Niontay","Top da top","GH","49","1033","1","0","0","4","5","0","176"
"108236416","Fimiguerrero","Vogue","ZW","49","10286","1","0","0","11","0","0","60"
"64416568","Lelo","On The Wall","IT","49","13974","1","0","0","2","0","0","67"
"64416568","Lelo","On The Wall","GY","49","13974","0","0","0","4","0","0","67"
"108236416","Fimiguerrero","MVP","IT","48","6321","0","0","0","3","0","0","60"
"64416568","Lelo","Limbless","JM","48","21792","0","0","0","7","0","0","67"
"79107839","Niontay","MR.HAVEMYWAY","FR","48","304","0","0","0","0","0","0","176"
"79107839","Niontay","Mumbleman","ES","48","5812","0","0","0","3","0","0","176"
"71552954","ffawty","HOLLABACK GIRL","VI","48","4671","2","0","0","5","0","0","175"
"79107839","Niontay","MR.HAVEMYWAY","FR","48","4238","0","0","0","0","0","0","176"
"64416568","Lelo","Bathing Ape","SL","48","1606","0","0","0","9","3","0","67"
"108236416","Fimiguerrero","Ménage À Trois","KE","48","4840","1","0","0","13","0","0","60"
"64416568","Lelo","Pot Of Greed","IT","48","15574","2","0","0","3","2","0","67"
"127921840","Baby Osamaa","See It Different","KE","47","10195","1","0","0","8","10","0","176"
"109041603","Sk8star","SEX","ES","47","3750","0","0","0","1","0","0","153"
"108236416","Fimiguerrero","Standard","CA","47","609","0","0","0","0","1","0","60"
"109041603","Sk8star","SEX","LR","47","3750","1","0","0","5","0","0","153"
"71552954","ffawty","she belong to ffawty","VG","47","1392","0","0","0","7","0","0","175"
"64416568","Lelo","Bathing Ape","TZ","47","1606","0","0","0","7","0","0","67"
"127921840","Baby Osamaa","See It Different","KE","47","85","1","0","0","8","10","0","176"
"64416568","Lelo","In the City","GB","47","1067","0","0","0","1","0","0","67"
"71552954","ffawty","HOLLABACK GIRL","BR","47","4671","3","0","0","5","3","0","175"
"127921840","Baby Osamaa","ON HOTS","US","46","240","1","0","0","5","0","0","176"
"109041603","Sk8star","stay true","US","46","284","0","0","0","3","0","0","153"
"64416568","Lelo","On The Wall","TT","46","13974","1","0","0","5","1","0","67"
"79107839","Niontay","MR.HAVEMYWAY","DE","46","4238","0","0","0","0","0","0","176"
"71552954","ffawty","HOLLABACK GIRL","FR","46","4671","1","0","0","2","1","0","175"
"64416568","Lelo","Yoppenheimer","NG","46","4235","1","0","0","3","11","0","67"
"79107839","Niontay","MR.HAVEMYWAY","DE","46","304","0","0","0","0","0","0","176"
"108236416","Fimiguerrero","Designer","ZW","46","9321","2","0","0","17","0","0","60"
"127921840","Baby Osamaa","So Real (Bonus)","NG","45","158","1","0","0","1","0","0","176"
"127921840","Baby Osamaa","What's The Word","ZW","45","4822","0","0","0","9","0","0","176"
"71552954","ffawty","Show Me Real","GH","45","243","0","0","0","2","0","0","175"
"71552954","ffawty","HOLLABACK GIRL","IT","45","4671","0","0","0","0","1","0","175"
"127921840","Baby Osamaa","So Real (Bonus)","NG","45","2821","1","0","0","1","0","0","176"
"64416568","Lelo","On The Wall","CD","45","13974","1","0","0","13","0","0","67"
"127921840","Baby Osamaa","Double D's","KE","45","4952","0","0","0","6","31","0","176"
"108236416","Fimiguerrero","Mandy","TZ","45","9407","0","0","0","1","0","0","60"
"71552954","ffawty","Dopamine","TT","45","3330","0","0","0","8","0","0","175"
"64416568","Lelo","Limbless","NG","45","21792","2","0","0","10","0","0","67"
"127921840","Baby Osamaa","Double D's","DE","45","4952","1","0","0","1","1","0","176"
"71552954","ffawty","2AM","JM","45","623","0","0","0","7","0","0","175"
"127921840","Baby Osamaa","Double D's","KE","45","28","0","0","0","6","31","0","176"
"71552954","ffawty","Hallelujah","BS","45","577","0","0","0","3","0","0","175"
"127921840","Baby Osamaa","Double D's","DE","45","28","1","0","0","1","1","0","176"
"79107839","Niontay","X-factor","ZA","45","138","0","0","0","0","0","0","176"
"127921840","Baby Osamaa","What's The Word","ZW","45","59","0","0","0","9","0","0","176"
"79107839","Niontay","Mumbleman","SL","45","5812","5","0","0","6","5","0","176"
"71552954","ffawty","HOLLABACK GIRL","DE","44","4671","1","0","0","5","0","0","175"
"71552954","ffawty","HOLLABACK GIRL","ZW","44","4671","1","0","0","12","0","0","175"
"64416568","Lelo","Bathing Ape","CA","44","1606","3","0","0","5","3","0","67"
"108236416","Fimiguerrero","Ankle Lock","KE","44","2926","1","0","0","6","3","0","60"
"127921840","Baby Osamaa","Free Max B","CA","44","9357","0","0","0","4","1","0","176"
"64416568","Lelo","Pot Of Greed","DO","44","15574","3","0","0","5","0","0","67"
"75512784","Brazy","Daddy","GH","44","3010","0","0","0","9","0","0","57"
"79107839","Niontay","Ain't Shit","US","44","1257","0","0","0","1","1","0","176"
"127921840","Baby Osamaa","Better","NG","44","27","0","0","0","4","0","0","176"
"71552954","ffawty","Miracle","NG","44","464","1","0","0","3","0","0","175"
"71552954","ffawty","she belong to ffawty","PR","44","1392","0","0","0","3","0","0","175"
"71552954","ffawty","HOLLABACK GIRL","PR","44","4671","1","0","0","1","1","0","175"
"127921840","Baby Osamaa","Free Max B","CA","44","204","0","0","0","4","1","0","176"
"127921840","Baby Osamaa","Better","NG","44","570","0","0","0","4","0","0","176"
"79107839","Niontay","Mumbleman","PH","44","5812","3","0","0","14","6","0","176"
"108236416","Fimiguerrero","Designer","JM","44","9321","1","0","0","7","0","0","60"
"79107839","Niontay","Mumbleman","MX","44","5812","1","0","0","5","0","0","176"
"108236416","Fimiguerrero","Vogue","FR","44","10286","0","0","0","2","5","0","60"
"71552954","ffawty","Winner's Circle","PR","43","1583","0","0","0","3","0","0","175"
"64416568","Lelo","Pot Of Greed","BS","43","15574","0","0","0","2","1","0","67"
"127921840","Baby Osamaa","What's The Word","SL","43","59","0","0","0","3","0","0","176"
"127921840","Baby Osamaa","What's The Word","SL","43","4822","0","0","0","3","0","0","176"
"64416568","Lelo","2hollis","TZ","43","3393","1","0","0","4","0","0","67"
"79107839","Niontay","Da hiss of technology","ZA","43","126","0","0","0","0","0","0","176"
"127921840","Baby Osamaa","Double D's","TZ","43","28","1","0","0","7","11","0","176"
"71552954","ffawty","HOLLABACK GIRL","LR","43","4671","0","0","0","7","2","0","175"
"75512784","Brazy","Attends","CA","43","27904","0","0","0","9","0","0","57"
"75512784","Brazy","Attends","FR","43","27904","0","0","0","8","0","0","57"
"75512784","Brazy","Attends","FR","43","1416","0","0","0","8","0","0","57"
"127921840","Baby Osamaa","Double D's","TZ","43","4952","1","0","0","7","11","0","176"
"79107839","Niontay","Mumbleman","RW","43","5812","0","0","0","1","7","0","176"
"75512784","Brazy","Attends","CA","43","1416","0","0","0","9","0","0","57"
"79107839","Niontay","Mumbleman","HT","42","5812","3","0","0","1","1","0","176"
"79107839","Niontay","MR.HAVEMYWAY","ZW","42","4238","0","0","0","9","4","0","176"
"108236416","Fimiguerrero","MVP","JM","42","6321","0","0","0","3","6","0","60"
"108236416","Fimiguerrero","Osbatt","BS","42","195","0","0","0","1","0","0","60"
"127921840","Baby Osamaa","I DONT MEAN IT","JM","42","398","0","0","0","2","0","0","176"
"108236416","Fimiguerrero","Osbatt","TT","42","195","1","0","0","5","0","0","60"
"108236416","Fimiguerrero","Osbatt","TT","42","5609","1","0","0","5","0","0","60"
"79107839","Niontay","MR.HAVEMYWAY","ZW","42","304","0","0","0","9","4","0","176"
"79107839","Niontay","Mumbleman","RU","42","5812","1","0","0","0","0","0","176"
"108236416","Fimiguerrero","Osbatt","BS","42","5609","0","0","0","1","0","0","60"
"127921840","Baby Osamaa","I DONT MEAN IT","JM","42","31399","0","0","0","2","0","0","176"
"79107839","Niontay","BlitzBerg","US","42","262","0","0","0","1","0","0","176"
"71552954","ffawty","Camera Light","CA","42","4184","0","0","0","2","0","0","175"
"79107839","Niontay","BlitzBerg","US","42","164","0","0","0","1","0","0","176"
"108236416","Fimiguerrero","MVP","TT","42","6321","0","0","0","3","0","0","60"
"64416568","Lelo","Perfect Blue","DE","41","8183","0","0","0","2","0","0","67"
"109041603","Sk8star","SEX","JM","41","3750","0","0","0","1","0","0","153"
"108236416","Fimiguerrero","MVP","ZM","41","6321","1","0","0","8","1","0","60"
"108236416","Fimiguerrero","Osbatt","ZW","41","5609","0","0","0","6","0","0","60"
"127921840","Baby Osamaa","In & Out","CA","41","5618","1","0","0","6","0","0","176"
"127921840","Baby Osamaa","MURDA X3","GH","41","20","2","0","0","4","2","0","176"
"127921840","Baby Osamaa","Call My Phone","US","41","1889","1","0","0","4","0","0","176"
"127921840","Baby Osamaa","In & Out","CA","41","3891","1","0","0","6","0","0","176"
"71552954","ffawty","HOLLABACK GIRL","SL","41","4671","1","0","0","4","14","0","175"
"64416568","Lelo","Perfect Blue","BJ","41","8183","0","0","0","8","0","0","67"
"108236416","Fimiguerrero","Osbatt","ZW","41","195","0","0","0","6","0","0","60"
"127921840","Baby Osamaa","Free Max B","NG","41","204","0","0","0","5","0","0","176"
"127921840","Baby Osamaa","MURDA X3","GH","41","936","2","0","0","4","2","0","176"
"127921840","Baby Osamaa","Free Max B","NG","41","9357","0","0","0","5","0","0","176"
"108236416","Fimiguerrero","Mandy","DE","41","9407","0","0","0","9","3","0","60"
"71552954","ffawty","Cruising in My Lane","BQ","41","1746","0","0","0","1","0","0","175"
"108236416","Fimiguerrero","Ménage À Trois","DE","40","4840","1","0","0","8","2","0","60"
"79107839","Niontay","THANK ALLAH","ZA","40","739","1","0","0","0","0","0","176"
"127921840","Baby Osamaa","What's The Word","TZ","40","4822","0","0","0","2","2","0","176"
"75512784","Brazy","omg","GH","40","1704","0","0","0","5","0","0","57"
"108236416","Fimiguerrero","Designer","FR","40","9321","1","0","0","1","1","0","60"
"127921840","Baby Osamaa","What's The Word","TZ","40","59","0","0","0","2","2","0","176"
"108236416","Fimiguerrero","Angles","NG","40","479","0","0","0","1","0","0","60"
"127921840","Baby Osamaa","Double D's","FR","40","28","0","0","0","0","0","0","176"
"127921840","Baby Osamaa","Double D's","FR","40","4952","0","0","0","0","0","0","176"
"79107839","Niontay","THANK ALLAH","ZA","40","102","1","0","0","0","0","0","176"
"79107839","Niontay","Mumbleman","LR","40","5812","3","0","0","5","0","0","176"
"108236416","Fimiguerrero","Standard","NG","39","609","0","0","0","0","0","0","60"
"146462662","Cashwhop","PURPOSE","US","39","44","2","0","0","2","0","0","1"
"71552954","ffawty","Cruising in My Lane","IL","39","1746","1","0","0","1","0","0","175"
"127921840","Baby Osamaa","See It Different","ZM","39","85","0","0","0","3","0","0","176"
"64416568","Lelo","Chasing","FR","39","8915","0","0","0","0","1","0","67"
"127921840","Baby Osamaa","See It Different","ZM","39","10195","0","0","0","3","0","0","176"
"71552954","ffawty","2AM","TT","39","623","1","0","0","3","0","0","175"
"109041603","Sk8star","SEX","TZ","39","3750","0","0","0","4","4","0","153"
"79107839","Niontay","MR.HAVEMYWAY","TT","39","304","0","0","0","1","0","0","176"
"79107839","Niontay","MR.HAVEMYWAY","TT","39","4238","0","0","0","1","0","0","176"
"64416568","Lelo","Perfect Blue","UG","39","8183","1","0","0","7","4","0","67"
"79107839","Niontay","2AM Pete's","US","38","645","0","0","0","0","2","0","176"
"127921840","Baby Osamaa","See It Different","DE","38","85","2","0","0","1","0","0","176"
"108236416","Fimiguerrero","Designer","ZM","38","9321","0","0","0","3","0","0","60"
"64416568","Lelo","2hollis","LR","38","3393","1","0","0","5","1","0","67"
"108236416","Fimiguerrero","I Want Everything","DE","38","3939","0","0","0","5","2","0","60"
"127921840","Baby Osamaa","I DONT MEAN IT","FR","38","31399","0","0","0","0","1","0","176"
"108236416","Fimiguerrero","Excuse My French","KE","38","4090","3","0","0","16","5","0","60"
"127921840","Baby Osamaa","See It Different","DE","38","10195","2","0","0","1","0","0","176"
"108236416","Fimiguerrero","Excuse My French","KE","38","3379","3","0","0","16","5","0","60"
"108236416","Fimiguerrero","Wet Mouth","ZA","38","1660","1","0","0","3","0","0","60"
"127921840","Baby Osamaa","I DONT MEAN IT","FR","38","398","0","0","0","0","1","0","176"
"71552954","ffawty","CHOP","KE","38","4464","1","0","0","12","2","0","175"
"108236416","Fimiguerrero","Da Vinci","CA","37","943","0","0","0","0","1","0","60"
"64416568","Lelo","New Detroit","GB","37","4274","0","0","0","5","0","0","67"
"79107839","Niontay","Mumbleman","TT","37","5812","2","0","0","3","1","0","176"
"79107839","Niontay","MR.HAVEMYWAY","TZ","37","304","0","0","0","6","11","0","176"
"109041603","Sk8star","Kid Cudi","GH","37","1668","0","0","0","1","0","0","153"
"79107839","Niontay","MR.HAVEMYWAY","TZ","37","4238","0","0","0","6","11","0","176"
"108236416","Fimiguerrero","After Life","ZA","37","1289","2","0","0","2","0","0","60"
"109041603","Sk8star","love galore interlude","US","37","298","0","0","0","2","0","0","153"
"108236416","Fimiguerrero","It's Cool","DE","37","4697","0","0","0","8","0","0","60"
"108236416","Fimiguerrero","my bad bro","UG","37","5033","0","0","0","1","4","0","60"
"79107839","Niontay","Mumbleman","CM","37","5812","0","0","0","2","0","0","176"
"64416568","Lelo","2hollis","BS","36","3393","1","0","0","5","1","0","67"
"71552954","ffawty","HOLLABACK GIRL","PH","36","4671","1","0","0","12","3","0","175"
"64416568","Lelo","No contempt","ZA","36","26578","1","0","0","9","0","0","67"
"127921840","Baby Osamaa","Tank Girl (Interlude)","US","36","173","0","0","0","2","1","0","176"
"71552954","ffawty","Miracle","TT","36","464","1","0","0","3","0","0","175"
"160377699","Baretta","Dont Get Crossed","US","36","36","0","0","0","1","1","0","6"
"64416568","Lelo","Mozart","CA","36","657","0","0","0","1","0","0","67"
"64416568","Lelo","On The Wall","MA","36","13974","0","0","0","7","0","0","67"
"160377699","Baretta","A Crossers Diary Pt.1","US","36","25","0","0","0","0","1","0","6"
"108236416","Fimiguerrero","my bad bro","SX","36","5033","0","0","0","2","0","0","60"
"127921840","Baby Osamaa","See It Different","BJ","35","85","0","0","0","1","0","0","176"
"71552954","ffawty","Cant Treat You Right","VG","35","1344","0","0","0","5","0","0","175"
"71552954","ffawty","CHOP","FR","35","4464","1","0","0","4","0","0","175"
"108236416","Fimiguerrero","Spanish Guitar","ZA","35","3069","3","0","0","13","0","0","60"
"71552954","ffawty","Pepsi","NG","35","434","0","0","0","3","1","0","175"
"109041603","Sk8star","SEX","KE","35","3750","1","0","0","12","0","0","153"
"71552954","ffawty","Winner's Circle","ZA","35","1583","0","0","0","3","0","0","175"
"71552954","ffawty","Oreo","ZA","35","486","0","0","0","1","0","0","175"
"64416568","Lelo","Perfect Blue","AG","35","8183","0","0","0","0","0","0","67"
"71552954","ffawty","HOLLABACK GIRL","IN","35","4671","0","0","0","1","0","0","175"
"127921840","Baby Osamaa","See It Different","BJ","35","10195","0","0","0","1","0","0","176"
"64416568","Lelo","Bathing Ape","ZA","35","1606","0","0","0","2","0","0","67"
"79107839","Niontay","MR.HAVEMYWAY","BR","34","304","1","0","0","2","1","0","176"
"127921840","Baby Osamaa","See It Different","SL","34","85","2","0","0","7","0","0","176"
"108236416","Fimiguerrero","Excuse My French","TT","34","4090","0","0","0","3","0","0","60"
"108236416","Fimiguerrero","Excuse My French","JM","34","4090","0","0","0","2","0","0","60"
"75512784","Brazy","Attends","DE","34","1416","0","0","0","39","0","0","57"
"79107839","Niontay","MR.HAVEMYWAY","BR","34","4238","1","0","0","2","1","0","176"
"127921840","Baby Osamaa","See It Different","SL","34","10195","2","0","0","7","0","0","176"
"108236416","Fimiguerrero","Excuse My French","JM","34","3379","0","0","0","2","0","0","60"
"71552954","ffawty","Reposado","VI","34","2375","0","0","0","5","0","0","175"
"108236416","Fimiguerrero","Excuse My French","TT","34","3379","0","0","0","3","0","0","60"
"109041603","Sk8star","SaidSome","US","34","335","1","0","0","0","1","0","153"
"127921840","Baby Osamaa","I DONT MEAN IT","SN","34","31399","0","0","0","3","0","0","176"
"127921840","Baby Osamaa","I DONT MEAN IT","SN","34","398","0","0","0","3","0","0","176"
"75512784","Brazy","Attends","DE","34","27904","0","0","0","39","0","0","57"
"71552954","ffawty","Oreo","NG","34","486","1","0","0","4","2","0","175"
"71552954","ffawty","HOLLABACK GIRL","TT","33","4671","1","0","0","2","0","0","175"
"64416568","Lelo","Kudos","RW","33","2542","0","0","0","1","0","0","67"
"127921840","Baby Osamaa","See It Different","LR","33","85","0","0","0","1","12","0","176"
"108236416","Fimiguerrero","Spanish Guitar","GH","33","3069","0","0","0","1","0","0","60"
"79107839","Niontay","MR.HAVEMYWAY","SL","33","4238","1","0","0","4","0","0","176"
"127921840","Baby Osamaa","See It Different","LR","33","10195","0","0","0","1","12","0","176"
"64416568","Lelo","2hollis","FR","33","3393","0","1","0","1","2","0","67"
"109041603","Sk8star","light ice","GB","33","6968","2","0","0","0","2","0","153"
"64416568","Lelo","Bathing Ape","SN","33","1606","0","0","0","3","0","0","67"
"108236416","Fimiguerrero","Mandy","ZW","33","9407","0","0","0","10","0","0","60"
"71552954","ffawty","Miracle","JM","33","464","0","0","0","7","0","0","175"
"71552954","ffawty","Reposado","ZA","33","2375","0","0","0","3","0","0","175"
"79107839","Niontay","MR.HAVEMYWAY","SL","33","304","1","0","0","4","0","0","176"
"108236416","Fimiguerrero","I Want Everything","ZA","33","3939","1","0","0","4","8","0","60"
"108236416","Fimiguerrero","Osbatt","GH","32","5609","0","0","0","2","1","0","60"
"79107839","Niontay","Mumbleman","CI","32","5812","0","0","0","3","0","0","176"
"79107839","Niontay","Mumbleman","AE","32","5812","0","0","0","4","0","0","176"
"64416568","Lelo","On The Wall","DZ","32","13974","0","0","0","7","0","0","67"
"108236416","Fimiguerrero","Osbatt","GH","32","195","0","0","0","2","1","0","60"
"64416568","Lelo","Perfect Blue","PH","32","8183","1","0","0","7","0","0","67"
"71552954","ffawty","Cruising in My Lane","VG","32","1746","0","0","0","5","0","0","175"
"64416568","Lelo","Limbless","GU","32","21792","0","0","0","1","0","0","67"
"64416568","Lelo","On The Wall","DO","32","13974","0","0","0","1","0","0","67"
"79107839","Niontay","Triangle offense feat. MAVI & Sideshow","ZA","32","284","0","0","0","0","0","0","176"
"64416568","Lelo","Teanna Trump (Freakmix)","MX","32","617","1","0","0","6","0","0","67"
"108236416","Fimiguerrero","my bad bro","TT","32","5033","0","0","0","2","0","0","60"
"108236416","Fimiguerrero","MVP","KE","32","6321","1","0","0","12","3","0","60"
"79107839","Niontay","Mumbleman","SN","32","5812","0","0","0","5","2","0","176"
"108236416","Fimiguerrero","Doppelgänger","ZA","32","1014","1","0","0","3","0","0","60"
"127921840","Baby Osamaa","I wanna flyyyy ✈️","NG","31","1091","0","0","0","0","0","0","176"
"71552954","ffawty","JUMP","MW","31","18","0","0","0","6","0","0","175"
"71552954","ffawty","HOLLABACK GIRL","AU","31","4671","1","0","0","2","2","0","175"
"127921840","Baby Osamaa","What's The Word","ZM","31","59","0","0","0","3","0","0","176"
"71552954","ffawty","LETTING GO","NG","31","221","0","0","0","4","1","0","175"
"71552954","ffawty","JUMP","MW","31","988","0","0","0","6","0","0","175"
"127921840","Baby Osamaa","What's The Word","ZM","31","4822","0","0","0","3","0","0","176"
"79107839","Niontay","Triggaman","CI","31","288","0","0","0","5","0","0","176"
"108236416","Fimiguerrero","Midas Touch","NG","31","617","1","0","0","2","0","0","60"
"64416568","Lelo","Pot Of Greed","DZ","31","15574","0","0","0","2","0","0","67"
"109041603","Sk8star","E Sex","GB","31","1129","0","0","0","0","0","0","153"
"64416568","Lelo","Evangelion","CA","31","1345","1","0","0","1","0","0","67"
"108236416","Fimiguerrero","Blackbirds","JM","31","2312","0","0","0","2","0","0","60"
"71552954","ffawty","Cant Treat You Right","ZA","31","1344","0","0","0","3","0","0","175"
"108236416","Fimiguerrero","Kerosene","ZA","31","1105","2","0","0","3","0","0","60"
"108236416","Fimiguerrero","Excuse My French","DE","30","3379","0","0","0","4","0","0","60"
"71552954","ffawty","Body","VG","30","1384","0","0","0","7","0","0","175"
"108236416","Fimiguerrero","Mandy","BB","30","9407","0","0","0","2","1","0","60"
"108236416","Fimiguerrero","Excuse My French","DE","30","4090","0","0","0","4","0","0","60"
"79107839","Niontay","YATKAMAN3000","US","30","692","0","0","0","0","0","0","176"
"64416568","Lelo","Perfect Blue","RW","30","8183","0","0","0","4","1","0","67"
"71552954","ffawty","CHOP","MX","30","4464","0","0","0","2","1","0","175"
"109041603","Sk8star","SEX","FR","30","3750","0","0","0","0","1","0","153"
"108236416","Fimiguerrero","All My Cards","ZA","30","1493","2","0","0","5","0","0","60"
"108236416","Fimiguerrero","Blackbirds","ZM","30","2312","0","0","0","1","0","0","60"
"127921840","Baby Osamaa","See It Different","TT","30","85","0","0","0","0","1","0","176"
"108236416","Fimiguerrero","Vogue","RU","30","10286","0","0","0","0","0","0","60"
"71552954","ffawty","Switch Out The Lens","MW","30","2318","0","0","0","3","0","0","175"
"64416568","Lelo","2hollis","DE","30","3393","0","0","0","3","8","0","67"
"109041603","Sk8star","E Sex","KE","30","1129","0","0","0","1","0","0","153"
"71552954","ffawty","CHOP","TZ","30","4464","0","0","0","4","1","0","175"
"71552954","ffawty","she belong to ffawty","NG","30","1392","1","0","0","2","1","0","175"
"79107839","Niontay","Supa Bowl LVIII feat. 454","US","30","7171","0","0","0","1","1","0","176"
"71552954","ffawty","Match It","DE","30","337","0","0","0","1","0","0","175"
"71552954","ffawty","Winner's Circle","GH","30","1583","0","0","0","2","0","0","175"
"71552954","ffawty","HOLLABACK GIRL","MW","30","4671","0","0","0","7","1","0","175"
"79107839","Niontay","Mumbleman","NL","30","5812","0","0","0","1","0","0","176"
"71552954","ffawty","Winner's Circle","MW","30","1583","0","0","0","6","0","0","175"
"127921840","Baby Osamaa","See It Different","TT","30","10195","0","0","0","0","1","0","176"
"64416568","Lelo","Pot Of Greed","MA","29","15574","0","0","0","2","1","0","67"
"127921840","Baby Osamaa","I DONT MEAN IT","LR","29","31399","0","0","0","8","0","0","176"
"64416568","Lelo","Bathing Ape","PH","29","1606","0","0","0","7","0","0","67"
"79107839","Niontay","BlitzBerg","ZA","29","164","1","0","0","0","0","0","176"
"71552954","ffawty","Pepsi","GH","29","434","0","0","0","1","0","0","175"
"127921840","Baby Osamaa","MURDA X3","CA","29","20","1","0","0","0","0","0","176"
"127921840","Baby Osamaa","I DONT MEAN IT","TZ","29","398","0","0","0","7","0","0","176"
"127921840","Baby Osamaa","What's The Word","DE","29","4822","0","0","0","1","0","0","176"
"127921840","Baby Osamaa","Just Stay With Me","NG","29","4267","0","0","0","2","0","0","176"
"109041603","Sk8star","SEX","MW","29","3750","0","0","0","10","0","0","153"
"79107839","Niontay","BlitzBerg","ZA","29","262","1","0","0","0","0","0","176"
"127921840","Baby Osamaa","Just Stay With Me","NG","29","261","0","0","0","2","0","0","176"
"127921840","Baby Osamaa","See It Different","MW","29","10195","0","0","0","5","2","0","176"
"79107839","Niontay","Mumbleman","BJ","29","5812","1","0","0","3","0","0","176"
"127921840","Baby Osamaa","What's The Word","DE","29","59","0","0","0","1","0","0","176"
"71552954","ffawty","Cruising in My Lane","JM","29","1746","0","0","0","7","0","0","175"
"64416568","Lelo","Yoppenheimer","GB","29","4235","0","0","0","2","0","0","67"
"127921840","Baby Osamaa","Double D's","LR","29","28","0","0","0","3","3","0","176"
"127921840","Baby Osamaa","See It Different","MW","29","85","0","0","0","5","2","0","176"
"127921840","Baby Osamaa","Double D's","LR","29","4952","0","0","0","3","3","0","176"
"108236416","Fimiguerrero","How High","CA","29","1244","0","0","0","1","0","0","60"
"127921840","Baby Osamaa","I DONT MEAN IT","KE","29","398","0","0","0","6","0","0","176"
"127921840","Baby Osamaa","MURDA X3","CA","29","936","1","0","0","0","0","0","176"
"71552954","ffawty","Switch Out The Lens","ZA","29","2318","1","0","0","7","3","0","175"
"127921840","Baby Osamaa","I DONT MEAN IT","TZ","29","31399","0","0","0","7","0","0","176"
"108236416","Fimiguerrero","MVP","SL","29","6321","0","0","0","2","0","0","60"
"127921840","Baby Osamaa","I DONT MEAN IT","KE","29","31399","0","0","0","6","0","0","176"
"109041603","Sk8star","new racks freestyle","JM","29","1198","0","0","0","0","0","0","153"
"127921840","Baby Osamaa","I DONT MEAN IT","LR","29","398","0","0","0","8","0","0","176"
"108236416","Fimiguerrero","Designer","TT","29","9321","0","0","0","3","0","0","60"
"127921840","Baby Osamaa","In & Out","FR","28","5618","0","0","0","0","0","0","176"
"127921840","Baby Osamaa","Free Max B","GB","28","9357","0","0","0","1","0","0","176"
"108236416","Fimiguerrero","Mandy","TT","28","9407","0","0","0","5","1","0","60"
"127921840","Baby Osamaa","Free Max B","GB","28","204","0","0","0","1","0","0","176"
"108236416","Fimiguerrero","It's Cool","TZ","28","4697","0","0","0","2","0","0","60"
"127921840","Baby Osamaa","Double D's","TT","28","4952","0","0","0","0","0","0","176"
"64416568","Lelo","2hollis","JM","28","3393","0","0","0","2","0","0","67"
"108236416","Fimiguerrero","Gucci","KE","28","4731","1","0","0","8","3","0","60"
"108236416","Fimiguerrero","Doppelgänger","US","28","1014","1","0","0","3","18","0","60"
"127921840","Baby Osamaa","In & Out","GB","28","3891","0","0","0","1","0","0","176"
"64416568","Lelo","Perfect Blue","AE","28","8183","1","0","0","4","0","0","67"
"127921840","Baby Osamaa","In & Out","GB","28","5618","0","0","0","1","0","0","176"
"71552954","ffawty","Switch Out The Lens","LR","28","2318","0","0","0","7","0","0","175"
"64416568","Lelo","Kudos","DE","28","2542","0","0","0","1","0","0","67"
"108236416","Fimiguerrero","Tartan","FR","28","2465","0","0","0","1","3","0","60"
"71552954","ffawty","Hallelujah","JM","28","577","0","0","0","3","0","0","175"
"71552954","ffawty","fada","NG","28","163","0","0","0","2","0","0","175"
"127921840","Baby Osamaa","In & Out","FR","28","3891","0","0","0","0","0","0","176"
